"-------------------------------------------------------------------------------------------"
" Monthly average CO2 concentrations (ppm) derived from flask air samples                   "
" Mauna Loa, Hawaii 156W 20N                                                                "
"                                                                                           "
" Source: R. F. Keeling, S. C. Piper, A. F. Bollenbacher and S. J. Walker                   "
" Scripps CO2 Program ( http://scrippsco2.ucsd.edu )                                        "
" Scripps Institution of Oceanography (SIO)                                                 "
" University of California                                                                  "
" La Jolla, California USA 92093-0244                                                       "
"                                                                                           "
" Status of data and correspondence:                                                        "
"                                                                                           "
" These data are subject to revision based on recalibration of standard gases. Questions    "
" about the data should be directed to Dr. Ralph Keeling (rkeeling@ucsd.edu) and            "
" and Dr. Stephen Piper (scpiper@popmail.ucsd.edu), Scripps CO2 Program.                    "
"                                                                                           "
" Flask data in this file through 16-Oct-2018 last updated 29-Oct-2018                      "
"                                                                                           "
"-------------------------------------------------------------------------------------------"
"                                                                                           "
" Please cite as:                                                                           "
"                                                                                           "
" C. D. Keeling, S. C. Piper, R. B. Bacastow, M. Wahlen, T. P. Whorf, M. Heimann, and       "
" H. A. Meijer, Exchanges of atmospheric CO2 and 13CO2 with the terrestrial biosphere and   "
" oceans from 1978 to 2000.  I. Global aspects, SIO Reference Series, No. 01-06, Scripps    "
" Institution of Oceanography, San Diego, 88 pages, 2001.                                   "
"                                                                                           "
" If it is necessary to cite a peer-reviewed article, please cite as:                       "
"                                                                                           "
" C. D. Keeling, S. C. Piper, R. B. Bacastow, M. Wahlen, T. P. Whorf, M. Heimann, and       "
" H. A. Meijer, Atmospheric CO2 and 13CO2 exchange with the terrestrial biosphere and       "
" oceans from 1978 to 2000: observations and carbon cycle implications, pages 83-113,       "
" in "A History of Atmospheric CO2 and its effects on Plants, Animals, and Ecosystems",     "
" editors, Ehleringer, J.R., T. E. Cerling, M. D. Dearing, Springer Verlag,                 "
" New York, 2005.                                                                           "
"                                                                                           "
"-------------------------------------------------------------------------------------------"
"                                                                                           "
" The data file below contains 10 columns.  Columns 1-4 give the dates in several redundant "
" formats. Column 5 below gives monthly CO2 concentrations in micro-mol CO2 per mole (ppm)  "
" reported on the 2008A SIO manometric mole fraction scale.  This is the standard           "
" version of the data most often sought.  The monthly values have been adjusted             "
" to 24:00 hours on the 15th of each month.  Column 6 gives the same data after a seasonal  "
" adjustment to remove the quasi-regular seasonal cycle.  The adjustment involves           "
" subtracting from the data a 4-harmonic fit with a linear gain factor.  Column 7 is a      "
" smoothed version of the data generated from a stiff cubic spline function plus 4-harmonic "
" functions with linear gain.  Column 8 is the same smoothed version with the seasonal      "
" cycle removed.  Column 9 is identical to Column 5 except that the missing values from     "
" Column 5 have been filled with values from Column 7.  Column 10 is identical to Column 6  "
" except missing values have been filled with values from Column 8.  Missing values are     "
" denoted by -99.99                                                                         "
"                                                                                           "
" CO2 concentrations are measured on the '08A' calibration scale                            "
"                                                                                           "
  Yr, Mn,    Date,      Date,     CO2,seasonally,        fit,  seasonally,      CO2, seasonally
    ,   ,        ,          ,        ,  adjusted,           ,adjusted fit,   filled,adjusted filled
    ,   ,   Excel,          ,   [ppm],    [ppm] ,      [ppm],    [ppm],       [ppm],    [ppm]
1960, 01,   21930, 1960.0410,   -99.99,   -99.99,     -99.99,   -99.99,     -99.99,   -99.99
1960, 02,   21961, 1960.1257,   -99.99,   -99.99,     -99.99,   -99.99,     -99.99,   -99.99
1960, 03,   21990, 1960.2049,   317.69,   316.28,     317.76,   316.33,     317.69,   316.28
1960, 04,   22021, 1960.2896,   319.06,   316.55,     318.94,   316.41,     319.06,   316.55
1960, 05,   22051, 1960.3716,   -99.99,   -99.99,     319.45,   316.49,     319.45,   316.49
1960, 06,   22082, 1960.4563,   -99.99,   -99.99,     318.70,   316.58,     318.70,   316.58
1960, 07,   22112, 1960.5383,   -99.99,   -99.99,     317.13,   316.66,     317.13,   316.66
1960, 08,   22143, 1960.6230,   315.74,   317.33,     315.12,   316.74,     315.74,   317.33
1960, 09,   22174, 1960.7077,   -99.99,   -99.99,     313.68,   316.82,     313.68,   316.82
1960, 10,   22204, 1960.7896,   312.84,   315.89,     313.87,   316.91,     312.84,   315.89
1960, 11,   22235, 1960.8743,   -99.99,   -99.99,     315.22,   316.99,     315.22,   316.99
1960, 12,   22265, 1960.9563,   316.80,   317.47,     316.43,   317.08,     316.80,   317.47
1961, 01,   22296, 1961.0411,   317.40,   317.31,     317.27,   317.17,     317.40,   317.31
1961, 02,   22327, 1961.1260,   -99.99,   -99.99,     317.93,   317.26,     317.93,   317.26
1961, 03,   22355, 1961.2027,   318.13,   316.74,     318.74,   317.34,     318.13,   316.74
1961, 04,   22386, 1961.2877,   -99.99,   -99.99,     319.94,   317.43,     319.94,   317.43
1961, 05,   22416, 1961.3699,   -99.99,   -99.99,     320.49,   317.52,     320.49,   317.52
1961, 06,   22447, 1961.4548,   318.82,   316.64,     319.77,   317.61,     318.82,   316.64
1961, 07,   22477, 1961.5370,   318.94,   318.41,     318.20,   317.70,     318.94,   318.41
1961, 08,   22508, 1961.6219,   315.49,   317.06,     316.18,   317.79,     315.49,   317.06
1961, 09,   22539, 1961.7068,   315.62,   318.76,     314.71,   317.86,     315.62,   318.76
1961, 10,   22569, 1961.7890,   314.91,   317.97,     314.88,   317.93,     314.91,   317.97
1961, 11,   22600, 1961.8740,   316.17,   317.98,     316.20,   317.98,     316.17,   317.98
1961, 12,   22630, 1961.9562,   318.15,   318.82,     317.38,   318.03,     318.15,   318.82
1962, 01,   22661, 1962.0411,   317.86,   317.77,     318.18,   318.08,     317.86,   317.77
1962, 02,   22692, 1962.1260,   318.35,   317.68,     318.79,   318.11,     318.35,   317.68
1962, 03,   22720, 1962.2027,   320.02,   318.63,     319.55,   318.14,     320.02,   318.63
1962, 04,   22751, 1962.2877,   320.29,   317.79,     320.69,   318.17,     320.29,   317.79
1962, 05,   22781, 1962.3699,   321.53,   318.55,     321.19,   318.20,     321.53,   318.55
1962, 06,   22812, 1962.4548,   320.06,   317.87,     320.40,   318.24,     320.06,   317.87
1962, 07,   22842, 1962.5370,   318.01,   317.48,     318.77,   318.27,     318.01,   317.48
1962, 08,   22873, 1962.6219,   317.12,   318.70,     316.71,   318.32,     317.12,   318.70
1962, 09,   22904, 1962.7068,   315.36,   318.51,     315.21,   318.37,     315.36,   318.51
1962, 10,   22934, 1962.7890,   314.66,   317.73,     315.36,   318.42,     314.66,   317.73
1962, 11,   22965, 1962.8740,   316.95,   318.76,     316.69,   318.48,     316.95,   318.76
1962, 12,   22995, 1962.9562,   -99.99,   -99.99,     317.88,   318.53,     317.88,   318.53
1963, 01,   23026, 1963.0411,   -99.99,   -99.99,     318.70,   318.60,     318.70,   318.60
1963, 02,   23057, 1963.1260,   -99.99,   -99.99,     319.34,   318.66,     319.34,   318.66
1963, 03,   23085, 1963.2027,   -99.99,   -99.99,     320.13,   318.71,     320.13,   318.71
1963, 04,   23116, 1963.2877,   -99.99,   -99.99,     321.30,   318.78,     321.30,   318.78
1963, 05,   23146, 1963.3699,   -99.99,   -99.99,     321.83,   318.83,     321.83,   318.83
1963, 06,   23177, 1963.4548,   -99.99,   -99.99,     321.06,   318.89,     321.06,   318.89
1963, 07,   23207, 1963.5370,   -99.99,   -99.99,     319.45,   318.95,     319.45,   318.95
1963, 08,   23238, 1963.6219,   -99.99,   -99.99,     317.39,   319.00,     317.39,   319.00
1963, 09,   23269, 1963.7068,   316.42,   319.58,     315.88,   319.06,     316.42,   319.58
1963, 10,   23299, 1963.7890,   -99.99,   -99.99,     316.04,   319.10,     316.04,   319.10
1963, 11,   23330, 1963.8740,   -99.99,   -99.99,     317.35,   319.15,     317.35,   319.15
1963, 12,   23360, 1963.9562,   -99.99,   -99.99,     318.53,   319.19,     318.53,   319.19
1964, 01,   23391, 1964.0410,   -99.99,   -99.99,     319.33,   319.23,     319.33,   319.23
1964, 02,   23422, 1964.1257,   -99.99,   -99.99,     319.95,   319.27,     319.95,   319.27
1964, 03,   23451, 1964.2049,   -99.99,   -99.99,     320.75,   319.30,     320.75,   319.30
1964, 04,   23482, 1964.2896,   -99.99,   -99.99,     321.89,   319.34,     321.89,   319.34
1964, 05,   23512, 1964.3716,   -99.99,   -99.99,     322.37,   319.37,     322.37,   319.37
1964, 06,   23543, 1964.4563,   -99.99,   -99.99,     321.56,   319.41,     321.56,   319.41
1964, 07,   23573, 1964.5383,   -99.99,   -99.99,     319.92,   319.45,     319.92,   319.45
1964, 08,   23604, 1964.6230,   -99.99,   -99.99,     317.84,   319.48,     317.84,   319.48
1964, 09,   23635, 1964.7077,   -99.99,   -99.99,     316.33,   319.52,     316.33,   319.52
1964, 10,   23665, 1964.7896,   -99.99,   -99.99,     316.49,   319.56,     316.49,   319.56
1964, 11,   23696, 1964.8743,   -99.99,   -99.99,     317.81,   319.60,     317.81,   319.60
1964, 12,   23726, 1964.9563,   319.02,   319.70,     318.99,   319.65,     319.02,   319.70
1965, 01,   23757, 1965.0411,   319.92,   319.83,     319.80,   319.69,     319.92,   319.83
1965, 02,   23788, 1965.1260,   -99.99,   -99.99,     320.43,   319.75,     320.43,   319.75
1965, 03,   23816, 1965.2027,   -99.99,   -99.99,     321.22,   319.80,     321.22,   319.80
1965, 04,   23847, 1965.2877,   322.61,   320.08,     322.40,   319.86,     322.61,   320.08
1965, 05,   23877, 1965.3699,   -99.99,   -99.99,     322.94,   319.93,     322.94,   319.93
1965, 06,   23908, 1965.4548,   -99.99,   -99.99,     322.19,   320.00,     322.19,   320.00
1965, 07,   23938, 1965.5370,   319.27,   318.73,     320.59,   320.08,     319.27,   318.73
1965, 08,   23969, 1965.6219,   -99.99,   -99.99,     318.55,   320.18,     318.55,   320.18
1965, 09,   24000, 1965.7068,   -99.99,   -99.99,     317.09,   320.28,     317.09,   320.28
1965, 10,   24030, 1965.7890,   -99.99,   -99.99,     317.30,   320.39,     317.30,   320.39
1965, 11,   24061, 1965.8740,   -99.99,   -99.99,     318.70,   320.50,     318.70,   320.50
1965, 12,   24091, 1965.9562,   -99.99,   -99.99,     319.95,   320.62,     319.95,   320.62
1966, 01,   24122, 1966.0411,   320.50,   320.41,     320.84,   320.74,     320.50,   320.41
1966, 02,   24153, 1966.1260,   321.89,   321.21,     321.56,   320.87,     321.89,   321.21
1966, 03,   24181, 1966.2027,   -99.99,   -99.99,     322.41,   320.98,     322.41,   320.98
1966, 04,   24212, 1966.2877,   324.42,   321.89,     323.65,   321.10,     324.42,   321.89
1966, 05,   24242, 1966.3699,   -99.99,   -99.99,     324.23,   321.21,     324.23,   321.21
1966, 06,   24273, 1966.4548,   -99.99,   -99.99,     323.52,   321.33,     323.52,   321.33
1966, 07,   24303, 1966.5370,   -99.99,   -99.99,     321.94,   321.43,     321.94,   321.43
1966, 08,   24334, 1966.6219,   -99.99,   -99.99,     319.90,   321.53,     319.90,   321.53
1966, 09,   24365, 1966.7068,   -99.99,   -99.99,     318.43,   321.63,     318.43,   321.63
1966, 10,   24395, 1966.7890,   319.33,   322.44,     318.62,   321.71,     319.33,   322.44
1966, 11,   24426, 1966.8740,   319.76,   321.60,     319.98,   321.80,     319.76,   321.60
1966, 12,   24456, 1966.9562,   321.15,   321.83,     321.21,   321.87,     321.15,   321.83
1967, 01,   24487, 1967.0411,   -99.99,   -99.99,     322.05,   321.95,     322.05,   321.95
1967, 02,   24518, 1967.1260,   -99.99,   -99.99,     322.70,   322.01,     322.70,   322.01
1967, 03,   24546, 1967.2027,   -99.99,   -99.99,     323.50,   322.07,     323.50,   322.07
1967, 04,   24577, 1967.2877,   -99.99,   -99.99,     324.69,   322.13,     324.69,   322.13
1967, 05,   24607, 1967.3699,   -99.99,   -99.99,     325.22,   322.19,     325.22,   322.19
1967, 06,   24638, 1967.4548,   324.84,   322.62,     324.44,   322.25,     324.84,   322.62
1967, 07,   24668, 1967.5370,   322.76,   322.22,     322.81,   322.30,     322.76,   322.22
1967, 08,   24699, 1967.6219,   -99.99,   -99.99,     320.72,   322.35,     320.72,   322.35
1967, 09,   24730, 1967.7068,   -99.99,   -99.99,     319.20,   322.41,     319.20,   322.41
1967, 10,   24760, 1967.7890,   -99.99,   -99.99,     319.36,   322.46,     319.36,   322.46
1967, 11,   24791, 1967.8740,   -99.99,   -99.99,     320.70,   322.52,     320.70,   322.52
1967, 12,   24821, 1967.9562,   -99.99,   -99.99,     321.91,   322.58,     321.91,   322.58
1968, 01,   24852, 1968.0410,   -99.99,   -99.99,     322.75,   322.65,     322.75,   322.65
1968, 02,   24883, 1968.1257,   -99.99,   -99.99,     323.41,   322.72,     323.41,   322.72
1968, 03,   24912, 1968.2049,   323.28,   321.84,     324.25,   322.79,     323.28,   321.84
1968, 04,   24943, 1968.2896,   -99.99,   -99.99,     325.46,   322.88,     325.46,   322.88
1968, 05,   24973, 1968.3716,   326.23,   323.19,     326.00,   322.97,     326.23,   323.19
1968, 06,   25004, 1968.4563,   -99.99,   -99.99,     325.25,   323.07,     325.25,   323.07
1968, 07,   25034, 1968.5383,   323.60,   323.09,     323.65,   323.17,     323.60,   323.09
1968, 08,   25065, 1968.6230,   322.58,   324.22,     321.61,   323.28,     322.58,   324.22
1968, 09,   25096, 1968.7077,   -99.99,   -99.99,     320.17,   323.40,     320.17,   323.40
1968, 10,   25126, 1968.7896,   319.38,   322.50,     320.41,   323.51,     319.38,   322.50
1968, 11,   25157, 1968.8743,   320.98,   322.82,     321.82,   323.64,     320.98,   322.82
1968, 12,   25187, 1968.9563,   323.06,   323.75,     323.10,   323.77,     323.06,   323.75
1969, 01,   25218, 1969.0411,   324.28,   324.19,     324.01,   323.91,     324.28,   324.19
1969, 02,   25249, 1969.1260,   324.15,   323.47,     324.75,   324.05,     324.15,   323.47
1969, 03,   25277, 1969.2027,   -99.99,   -99.99,     325.62,   324.18,     325.62,   324.18
1969, 04,   25308, 1969.2877,   326.55,   323.99,     326.89,   324.32,     326.55,   323.99
1969, 05,   25338, 1969.3699,   328.14,   325.09,     327.50,   324.45,     328.14,   325.09
1969, 06,   25369, 1969.4548,   326.73,   324.49,     326.79,   324.57,     326.73,   324.49
1969, 07,   25399, 1969.5370,   -99.99,   -99.99,     325.20,   324.69,     325.20,   324.69
1969, 08,   25430, 1969.6219,   323.73,   325.34,     323.15,   324.79,     323.73,   325.34
1969, 09,   25461, 1969.7068,   322.29,   325.51,     321.66,   324.89,     322.29,   325.51
1969, 10,   25491, 1969.7890,   321.00,   324.14,     321.85,   324.98,     321.00,   324.14
1969, 11,   25522, 1969.8740,   323.36,   325.22,     323.23,   325.06,     323.36,   325.22
1969, 12,   25552, 1969.9562,   323.52,   324.21,     324.46,   325.13,     323.52,   324.21
1970, 01,   25583, 1970.0411,   325.24,   325.15,     325.30,   325.20,     325.24,   325.15
1970, 02,   25614, 1970.1260,   -99.99,   -99.99,     325.96,   325.26,     325.96,   325.26
1970, 03,   25642, 1970.2027,   326.79,   325.36,     326.76,   325.32,     326.79,   325.36
1970, 04,   25673, 1970.2877,   328.23,   325.67,     327.95,   325.37,     328.23,   325.67
1970, 05,   25703, 1970.3699,   328.33,   325.27,     328.48,   325.42,     328.33,   325.27
1970, 06,   25734, 1970.4548,   -99.99,   -99.99,     327.68,   325.47,     327.68,   325.47
1970, 07,   25764, 1970.5370,   325.98,   325.43,     326.02,   325.51,     325.98,   325.43
1970, 08,   25795, 1970.6219,   323.39,   325.00,     323.90,   325.55,     323.39,   325.00
1970, 09,   25826, 1970.7068,   323.74,   326.97,     322.34,   325.59,     323.74,   326.97
1970, 10,   25856, 1970.7890,   323.09,   326.24,     322.48,   325.62,     323.09,   326.24
1970, 11,   25887, 1970.8740,   324.29,   326.15,     323.81,   325.65,     324.29,   326.15
1970, 12,   25917, 1970.9562,   -99.99,   -99.99,     325.00,   325.68,     325.00,   325.68
1971, 01,   25948, 1971.0411,   326.06,   325.97,     325.81,   325.71,     326.06,   325.97
1971, 02,   25979, 1971.1260,   326.88,   326.19,     326.44,   325.74,     326.88,   326.19
1971, 03,   26007, 1971.2027,   327.01,   325.58,     327.23,   325.78,     327.01,   325.58
1971, 04,   26038, 1971.2877,   327.17,   324.60,     328.42,   325.84,     327.17,   324.60
1971, 05,   26068, 1971.3699,   328.54,   325.47,     328.98,   325.91,     328.54,   325.47
1971, 06,   26099, 1971.4548,   326.54,   324.30,     328.23,   326.00,     326.54,   324.30
1971, 07,   26129, 1971.5370,   326.89,   326.34,     326.62,   326.11,     326.89,   326.34
1971, 08,   26160, 1971.6219,   325.63,   327.25,     324.57,   326.22,     325.63,   327.25
1971, 09,   26191, 1971.7068,   323.52,   326.76,     323.10,   326.35,     323.52,   326.76
1971, 10,   26221, 1971.7890,   -99.99,   -99.99,     323.33,   326.48,     323.33,   326.48
1971, 11,   26252, 1971.8740,   -99.99,   -99.99,     324.77,   326.61,     324.77,   326.61
1971, 12,   26282, 1971.9562,   325.99,   326.68,     326.07,   326.75,     325.99,   326.68
1972, 01,   26313, 1972.0410,   326.76,   326.67,     327.00,   326.90,     326.76,   326.67
1972, 02,   26344, 1972.1257,   328.17,   327.48,     327.75,   327.05,     328.17,   327.48
1972, 03,   26373, 1972.2049,   328.54,   327.07,     328.67,   327.19,     328.54,   327.07
1972, 04,   26404, 1972.2896,   329.87,   327.27,     329.97,   327.35,     329.87,   327.27
1972, 05,   26434, 1972.3716,   330.48,   327.40,     330.57,   327.50,     330.48,   327.40
1972, 06,   26465, 1972.4563,   329.37,   327.14,     329.87,   327.66,     329.37,   327.14
1972, 07,   26495, 1972.5383,   328.78,   328.26,     328.30,   327.81,     328.78,   328.26
1972, 08,   26526, 1972.6230,   326.89,   328.54,     326.28,   327.97,     326.89,   328.54
1972, 09,   26557, 1972.7077,   324.72,   327.98,     324.86,   328.13,     324.72,   327.98
1972, 10,   26587, 1972.7896,   325.13,   328.30,     325.13,   328.28,     325.13,   328.30
1972, 11,   26618, 1972.8743,   326.68,   328.55,     326.59,   328.43,     326.68,   328.55
1972, 12,   26648, 1972.9563,   327.78,   328.47,     327.90,   328.57,     327.78,   328.47
1973, 01,   26679, 1973.0411,   328.66,   328.57,     328.83,   328.72,     328.66,   328.57
1973, 02,   26710, 1973.1260,   329.16,   328.47,     329.57,   328.87,     329.16,   328.47
1973, 03,   26738, 1973.2027,   330.11,   328.67,     330.45,   329.00,     330.11,   328.67
1973, 04,   26769, 1973.2877,   331.33,   328.74,     331.74,   329.13,     331.33,   328.74
1973, 05,   26799, 1973.3699,   332.65,   329.56,     332.34,   329.26,     332.65,   329.56
1973, 06,   26830, 1973.4548,   332.02,   329.75,     331.61,   329.37,     332.02,   329.75
1973, 07,   26860, 1973.5370,   330.40,   329.85,     329.99,   329.47,     330.40,   329.85
1973, 08,   26891, 1973.6219,   329.00,   330.63,     327.89,   329.55,     329.00,   330.63
1973, 09,   26922, 1973.7068,   -99.99,   -99.99,     326.35,   329.62,     326.35,   329.62
1973, 10,   26952, 1973.7890,   327.21,   330.39,     326.51,   329.67,     327.21,   330.39
1973, 11,   26983, 1973.8740,   328.43,   330.30,     327.86,   329.72,     328.43,   330.30
1973, 12,   27013, 1973.9562,   329.20,   329.90,     329.07,   329.75,     329.20,   329.90
1974, 01,   27044, 1974.0411,   329.94,   329.85,     329.88,   329.78,     329.94,   329.85
1974, 02,   27075, 1974.1260,   329.49,   328.80,     330.51,   329.81,     329.49,   328.80
1974, 03,   27103, 1974.2027,   329.80,   328.36,     331.31,   329.84,     329.80,   328.36
1974, 04,   27134, 1974.2877,   332.45,   329.85,     332.50,   329.89,     332.45,   329.85
1974, 05,   27164, 1974.3699,   332.64,   329.55,     333.05,   329.95,     332.64,   329.55
1974, 06,   27195, 1974.4548,   331.54,   329.27,     332.27,   330.03,     331.54,   329.27
1974, 07,   27225, 1974.5370,   331.05,   330.50,     330.63,   330.11,     331.05,   330.50
1974, 08,   27256, 1974.6219,   329.02,   330.66,     328.52,   330.19,     329.02,   330.66
1974, 09,   27287, 1974.7068,   326.75,   330.01,     327.00,   330.29,     326.75,   330.01
1974, 10,   27317, 1974.7890,   327.80,   330.99,     327.20,   330.37,     327.80,   330.99
1974, 11,   27348, 1974.8740,   328.82,   330.70,     328.61,   330.47,     328.82,   330.70
1974, 12,   27378, 1974.9562,   330.41,   331.11,     329.87,   330.55,     330.41,   331.11
1975, 01,   27409, 1975.0411,   -99.99,   -99.99,     330.74,   330.64,     330.74,   330.64
1975, 02,   27440, 1975.1260,   331.07,   330.38,     331.44,   330.73,     331.07,   330.38
1975, 03,   27468, 1975.2027,   332.10,   330.64,     332.28,   330.81,     332.10,   330.64
1975, 04,   27499, 1975.2877,   333.24,   330.64,     333.52,   330.90,     333.24,   330.64
1975, 05,   27529, 1975.3699,   334.27,   331.16,     334.09,   330.99,     334.27,   331.16
1975, 06,   27560, 1975.4548,   332.51,   330.24,     333.33,   331.08,     332.51,   330.24
1975, 07,   27590, 1975.5370,   331.89,   331.34,     331.69,   331.17,     331.89,   331.34
1975, 08,   27621, 1975.6219,   329.97,   331.61,     329.58,   331.26,     329.97,   331.61
1975, 09,   27652, 1975.7068,   329.17,   332.45,     328.05,   331.34,     329.17,   332.45
1975, 10,   27682, 1975.7890,   328.34,   331.54,     328.24,   331.42,     328.34,   331.54
1975, 11,   27713, 1975.8740,   329.00,   330.89,     329.64,   331.50,     329.00,   330.89
1975, 12,   27743, 1975.9562,   330.73,   331.43,     330.89,   331.57,     330.73,   331.43
1976, 01,   27774, 1976.0410,   331.21,   331.12,     331.76,   331.65,     331.21,   331.12
1976, 02,   27805, 1976.1257,   332.78,   332.08,     332.43,   331.73,     332.78,   332.08
1976, 03,   27834, 1976.2049,   334.24,   332.76,     333.30,   331.80,     334.24,   332.76
1976, 04,   27865, 1976.2896,   334.70,   332.06,     334.52,   331.87,     334.70,   332.06
1976, 05,   27895, 1976.3716,   334.64,   331.52,     335.05,   331.94,     334.64,   331.52
1976, 06,   27926, 1976.4563,   334.72,   332.46,     334.26,   332.02,     334.72,   332.46
1976, 07,   27956, 1976.5383,   332.38,   331.86,     332.59,   332.10,     332.38,   331.86
1976, 08,   27987, 1976.6230,   330.65,   332.32,     330.48,   332.19,     330.65,   332.32
1976, 09,   28018, 1976.7077,   328.78,   332.07,     328.98,   332.29,     328.78,   332.07
1976, 10,   28048, 1976.7896,   328.49,   331.69,     329.21,   332.40,     328.49,   331.69
1976, 11,   28079, 1976.8743,   330.70,   332.59,     330.66,   332.52,     330.70,   332.59
1976, 12,   28109, 1976.9563,   332.17,   332.87,     331.97,   332.66,     332.17,   332.87
1977, 01,   28140, 1977.0411,   333.10,   333.01,     332.91,   332.80,     333.10,   333.01
1977, 02,   28171, 1977.1260,   333.07,   332.37,     333.67,   332.96,     333.07,   332.37
1977, 03,   28199, 1977.2027,   334.30,   332.84,     334.59,   333.11,     334.30,   332.84
1977, 04,   28230, 1977.2877,   336.17,   333.55,     335.92,   333.29,     336.17,   333.55
1977, 05,   28260, 1977.3699,   336.71,   333.59,     336.59,   333.47,     336.71,   333.59
1977, 06,   28291, 1977.4548,   336.48,   334.19,     335.92,   333.65,     336.48,   334.19
1977, 07,   28321, 1977.5370,   334.95,   334.39,     334.35,   333.83,     334.95,   334.39
1977, 08,   28352, 1977.6219,   331.68,   333.33,     332.33,   334.01,     331.68,   333.33
1977, 09,   28383, 1977.7068,   330.79,   334.08,     330.89,   334.20,     330.79,   334.08
1977, 10,   28413, 1977.7890,   330.36,   333.58,     331.17,   334.37,     330.36,   333.58
1977, 11,   28444, 1977.8740,   332.56,   334.46,     332.68,   334.55,     332.56,   334.46
1977, 12,   28474, 1977.9562,   334.11,   334.81,     334.04,   334.73,     334.11,   334.81
1978, 01,   28505, 1978.0411,   335.37,   335.27,     335.00,   334.90,     335.37,   335.27
1978, 02,   28536, 1978.1260,   336.12,   335.41,     335.77,   335.06,     336.12,   335.41
1978, 03,   28564, 1978.2027,   337.03,   335.56,     336.68,   335.20,     337.03,   335.56
1978, 04,   28595, 1978.2877,   -99.99,   -99.99,     337.98,   335.34,     337.98,   335.34
1978, 05,   28625, 1978.3699,   -99.99,   -99.99,     338.60,   335.47,     338.60,   335.47
1978, 06,   28656, 1978.4548,   337.76,   335.46,     337.86,   335.59,     337.76,   335.46
1978, 07,   28686, 1978.5370,   336.67,   336.11,     336.23,   335.70,     336.67,   336.11
1978, 08,   28717, 1978.6219,   -99.99,   -99.99,     334.12,   335.81,     334.12,   335.81
1978, 09,   28748, 1978.7068,   332.81,   336.11,     332.60,   335.92,     332.81,   336.11
1978, 10,   28778, 1978.7890,   -99.99,   -99.99,     332.80,   336.01,     332.80,   336.01
1978, 11,   28809, 1978.8740,   334.26,   336.16,     334.23,   336.11,     334.26,   336.16
1978, 12,   28839, 1978.9562,   335.03,   335.74,     335.52,   336.21,     335.03,   335.74
1979, 01,   28870, 1979.0411,   336.40,   336.30,     336.42,   336.32,     336.40,   336.30
1979, 02,   28901, 1979.1260,   336.91,   336.20,     337.14,   336.43,     336.91,   336.20
1979, 03,   28929, 1979.2027,   338.40,   336.93,     338.02,   336.53,     338.40,   336.93
1979, 04,   28960, 1979.2877,   338.44,   335.81,     339.31,   336.66,     338.44,   335.81
1979, 05,   28990, 1979.3699,   339.43,   336.28,     339.93,   336.79,     339.43,   336.28
1979, 06,   29021, 1979.4548,   339.02,   336.72,     339.21,   336.93,     339.02,   336.72
1979, 07,   29051, 1979.5370,   338.22,   337.66,     337.60,   337.07,     338.22,   337.66
1979, 08,   29082, 1979.6219,   336.23,   337.89,     335.52,   337.22,     336.23,   337.89
1979, 09,   29113, 1979.7068,   333.58,   336.90,     334.04,   337.37,     333.58,   336.90
1979, 10,   29143, 1979.7890,   333.90,   337.14,     334.30,   337.52,     333.90,   337.14
1979, 11,   29174, 1979.8740,   335.61,   337.52,     335.79,   337.68,     335.61,   337.52
1979, 12,   29204, 1979.9562,   337.21,   337.92,     337.14,   337.84,     337.21,   337.92
1980, 01,   29235, 1980.0410,   -99.99,   -99.99,     338.10,   338.00,     338.10,   338.00
1980, 02,   29266, 1980.1257,   339.29,   338.58,     338.87,   338.15,     339.29,   338.58
1980, 03,   29295, 1980.2049,   340.30,   338.80,     339.82,   338.30,     340.30,   338.80
1980, 04,   29326, 1980.2896,   340.34,   337.68,     341.13,   338.45,     340.34,   337.68
1980, 05,   29356, 1980.3716,   341.71,   338.56,     341.74,   338.59,     341.71,   338.56
1980, 06,   29387, 1980.4563,   341.01,   338.73,     341.00,   338.74,     341.01,   338.73
1980, 07,   29417, 1980.5383,   338.53,   338.00,     339.37,   338.88,     338.53,   338.00
1980, 08,   29448, 1980.6230,   337.56,   339.25,     337.29,   339.02,     337.56,   339.25
1980, 09,   29479, 1980.7077,   335.66,   339.00,     335.81,   339.15,     335.66,   339.00
1980, 10,   29509, 1980.7896,   336.26,   339.50,     336.06,   339.28,     336.26,   339.50
1980, 11,   29540, 1980.8743,   337.32,   339.23,     337.53,   339.41,     337.32,   339.23
1980, 12,   29570, 1980.9563,   -99.99,   -99.99,     338.84,   339.53,     338.84,   339.53
1981, 01,   29601, 1981.0411,   339.70,   339.61,     339.76,   339.65,     339.70,   339.61
1981, 02,   29632, 1981.1260,   340.54,   339.83,     340.48,   339.76,     340.54,   339.83
1981, 03,   29660, 1981.2027,   341.27,   339.80,     341.35,   339.86,     341.27,   339.80
1981, 04,   29691, 1981.2877,   343.20,   340.55,     342.62,   339.96,     343.20,   340.55
1981, 05,   29721, 1981.3699,   343.16,   340.00,     343.21,   340.05,     343.16,   340.00
1981, 06,   29752, 1981.4548,   342.32,   340.01,     342.43,   340.14,     342.32,   340.01
1981, 07,   29782, 1981.5370,   -99.99,   -99.99,     340.75,   340.22,     340.75,   340.22
1981, 08,   29813, 1981.6219,   338.62,   340.29,     338.60,   340.31,     338.62,   340.29
1981, 09,   29844, 1981.7068,   336.92,   340.26,     337.04,   340.39,     336.92,   340.26
1981, 10,   29874, 1981.7890,   336.95,   340.20,     337.23,   340.47,     336.95,   340.20
1981, 11,   29905, 1981.8740,   338.28,   340.20,     338.66,   340.55,     338.28,   340.20
1981, 12,   29935, 1981.9562,   340.05,   340.76,     339.93,   340.63,     340.05,   340.76
1982, 01,   29966, 1982.0411,   340.67,   340.57,     340.81,   340.71,     340.67,   340.57
1982, 02,   29997, 1982.1260,   341.62,   340.91,     341.50,   340.77,     341.62,   340.91
1982, 03,   30025, 1982.2027,   343.22,   341.74,     342.32,   340.82,     343.22,   341.74
1982, 04,   30056, 1982.2877,   344.05,   341.40,     343.54,   340.86,     344.05,   341.40
1982, 05,   30086, 1982.3699,   343.62,   340.45,     344.07,   340.90,     343.62,   340.45
1982, 06,   30117, 1982.4548,   342.58,   340.26,     343.24,   340.94,     342.58,   340.26
1982, 07,   30147, 1982.5370,   342.24,   341.67,     341.51,   340.98,     342.24,   341.67
1982, 08,   30178, 1982.6219,   339.00,   340.68,     339.32,   341.03,     339.00,   340.68
1982, 09,   30209, 1982.7068,   337.64,   340.99,     337.74,   341.10,     337.64,   340.99
1982, 10,   30239, 1982.7890,   337.88,   341.14,     337.94,   341.19,     337.88,   341.14
1982, 11,   30270, 1982.8740,   339.07,   341.00,     339.40,   341.30,     339.07,   341.00
1982, 12,   30300, 1982.9562,   340.31,   341.03,     340.73,   341.43,     340.31,   341.03
1983, 01,   30331, 1983.0411,   341.81,   341.71,     341.69,   341.59,     341.81,   341.71
1983, 02,   30362, 1983.1260,   342.40,   341.68,     342.49,   341.76,     342.40,   341.68
1983, 03,   30390, 1983.2027,   342.69,   341.20,     343.44,   341.94,     342.69,   341.20
1983, 04,   30421, 1983.2877,   345.39,   342.73,     344.82,   342.14,     345.39,   342.73
1983, 05,   30451, 1983.3699,   345.96,   342.77,     345.52,   342.34,     345.96,   342.77
1983, 06,   30482, 1983.4548,   345.32,   342.99,     344.85,   342.54,     345.32,   342.99
1983, 07,   30512, 1983.5370,   343.14,   342.57,     343.27,   342.73,     343.14,   342.57
1983, 08,   30543, 1983.6219,   341.50,   343.18,     341.21,   342.92,     341.50,   343.18
1983, 09,   30574, 1983.7068,   339.83,   343.19,     339.74,   343.11,     339.83,   343.19
1983, 10,   30604, 1983.7890,   340.05,   343.32,     340.02,   343.28,     340.05,   343.32
1983, 11,   30635, 1983.8740,   340.89,   342.83,     341.55,   343.46,     340.89,   342.83
1983, 12,   30665, 1983.9562,   343.15,   343.87,     342.92,   343.62,     343.15,   343.87
1984, 01,   30696, 1984.0410,   343.98,   343.89,     343.89,   343.78,     343.98,   343.89
1984, 02,   30727, 1984.1257,   344.68,   343.96,     344.66,   343.93,     344.68,   343.96
1984, 03,   30756, 1984.2049,   345.51,   343.99,     345.60,   344.06,     345.51,   343.99
1984, 04,   30787, 1984.2896,   347.33,   344.63,     346.91,   344.19,     347.33,   344.63
1984, 05,   30817, 1984.3716,   347.39,   344.20,     347.49,   344.31,     347.39,   344.20
1984, 06,   30848, 1984.4563,   346.92,   344.61,     346.71,   344.42,     346.92,   344.61
1984, 07,   30878, 1984.5383,   345.15,   344.61,     345.02,   344.52,     345.15,   344.61
1984, 08,   30909, 1984.6230,   342.78,   344.50,     342.87,   344.62,     342.78,   344.50
1984, 09,   30940, 1984.7077,   340.83,   344.21,     341.33,   344.72,     340.83,   344.21
1984, 10,   30970, 1984.7896,   341.66,   344.94,     341.56,   344.82,     341.66,   344.94
1984, 11,   31001, 1984.8743,   343.07,   345.00,     343.01,   344.92,     343.07,   345.00
1984, 12,   31031, 1984.9563,   343.96,   344.68,     344.32,   345.03,     343.96,   344.68
1985, 01,   31062, 1985.0411,   344.74,   344.64,     345.25,   345.14,     344.74,   344.64
1985, 02,   31093, 1985.1260,   345.78,   345.06,     345.99,   345.26,     345.78,   345.06
1985, 03,   31121, 1985.2027,   347.45,   345.95,     346.88,   345.37,     347.45,   345.95
1985, 04,   31152, 1985.2877,   348.01,   345.33,     348.18,   345.48,     348.01,   345.33
1985, 05,   31182, 1985.3699,   348.96,   345.76,     348.79,   345.59,     348.96,   345.76
1985, 06,   31213, 1985.4548,   348.36,   346.02,     348.02,   345.70,     348.36,   346.02
1985, 07,   31243, 1985.5370,   346.61,   346.04,     346.33,   345.80,     346.61,   346.04
1985, 08,   31274, 1985.6219,   343.93,   345.62,     344.16,   345.89,     343.93,   345.62
1985, 09,   31305, 1985.7068,   342.89,   346.27,     342.59,   345.98,     342.89,   346.27
1985, 10,   31335, 1985.7890,   342.97,   346.26,     342.79,   346.07,     342.97,   346.26
1985, 11,   31366, 1985.8740,   344.12,   346.06,     344.24,   346.16,     344.12,   346.06
1985, 12,   31396, 1985.9562,   345.17,   345.89,     345.55,   346.26,     345.17,   345.89
1986, 01,   31427, 1986.0411,   346.21,   346.11,     346.48,   346.37,     346.21,   346.11
1986, 02,   31458, 1986.1260,   347.01,   346.29,     347.22,   346.49,     347.01,   346.29
1986, 03,   31486, 1986.2027,   348.09,   346.60,     348.12,   346.60,     348.09,   346.60
1986, 04,   31517, 1986.2877,   349.58,   346.90,     349.44,   346.74,     349.58,   346.90
1986, 05,   31547, 1986.3699,   350.29,   347.08,     350.07,   346.86,     350.29,   347.08
1986, 06,   31578, 1986.4548,   349.47,   347.12,     349.33,   347.00,     349.47,   347.12
1986, 07,   31608, 1986.5370,   347.85,   347.28,     347.66,   347.12,     347.85,   347.28
1986, 08,   31639, 1986.6219,   345.52,   347.21,     345.52,   347.25,     345.52,   347.21
1986, 09,   31670, 1986.7068,   344.51,   347.89,     343.98,   347.38,     344.51,   347.89
1986, 10,   31700, 1986.7890,   344.21,   347.51,     344.21,   347.50,     344.21,   347.51
1986, 11,   31731, 1986.8740,   345.57,   347.52,     345.71,   347.63,     345.57,   347.52
1986, 12,   31761, 1986.9562,   346.68,   347.40,     347.07,   347.77,     346.68,   347.40
1987, 01,   31792, 1987.0411,   347.68,   347.58,     348.05,   347.94,     347.68,   347.58
1987, 02,   31823, 1987.1260,   348.68,   347.96,     348.85,   348.12,     348.68,   347.96
1987, 03,   31851, 1987.2027,   349.62,   348.12,     349.82,   348.30,     349.62,   348.12
1987, 04,   31882, 1987.2877,   351.11,   348.41,     351.23,   348.52,     351.11,   348.41
1987, 05,   31912, 1987.3699,   351.79,   348.57,     351.96,   348.74,     351.79,   348.57
1987, 06,   31943, 1987.4548,   351.64,   349.28,     351.32,   348.98,     351.64,   349.28
1987, 07,   31973, 1987.5370,   350.07,   349.50,     349.76,   349.22,     350.07,   349.50
1987, 08,   32004, 1987.6219,   347.40,   349.10,     347.73,   349.46,     347.40,   349.10
1987, 09,   32035, 1987.7068,   346.73,   350.12,     346.29,   349.70,     346.73,   350.12
1987, 10,   32065, 1987.7890,   346.72,   350.04,     346.63,   349.93,     346.72,   350.04
1987, 11,   32096, 1987.8740,   348.29,   350.25,     348.22,   350.16,     348.29,   350.25
1987, 12,   32126, 1987.9562,   349.41,   350.13,     349.66,   350.37,     349.41,   350.13
1988, 01,   32157, 1988.0410,   350.35,   350.25,     350.70,   350.59,     350.35,   350.25
1988, 02,   32188, 1988.1257,   351.77,   351.04,     351.53,   350.80,     351.77,   351.04
1988, 03,   32217, 1988.2049,   352.52,   350.98,     352.54,   350.99,     352.52,   350.98
1988, 04,   32248, 1988.2896,   354.05,   351.32,     353.93,   351.19,     354.05,   351.32
1988, 05,   32278, 1988.3716,   354.39,   351.17,     354.59,   351.37,     354.39,   351.17
1988, 06,   32309, 1988.4563,   353.79,   351.45,     353.85,   351.54,     353.79,   351.45
1988, 07,   32339, 1988.5383,   352.46,   351.91,     352.20,   351.69,     352.46,   351.91
1988, 08,   32370, 1988.6230,   350.42,   352.15,     350.07,   351.84,     350.42,   352.15
1988, 09,   32401, 1988.7077,   348.89,   352.30,     348.54,   351.97,     348.89,   352.30
1988, 10,   32431, 1988.7896,   348.98,   352.29,     348.78,   352.08,     348.98,   352.29
1988, 11,   32462, 1988.8743,   349.80,   351.76,     350.25,   352.19,     349.80,   351.76
1988, 12,   32492, 1988.9563,   351.39,   352.11,     351.57,   352.28,     351.39,   352.11
1989, 01,   32523, 1989.0411,   352.48,   352.38,     352.49,   352.38,     352.48,   352.38
1989, 02,   32554, 1989.1260,   353.19,   352.46,     353.22,   352.48,     353.19,   352.46
1989, 03,   32582, 1989.2027,   353.63,   352.12,     354.10,   352.57,     353.63,   352.12
1989, 04,   32613, 1989.2877,   355.63,   352.92,     355.40,   352.67,     355.63,   352.92
1989, 05,   32643, 1989.3699,   355.90,   352.67,     356.00,   352.77,     355.90,   352.67
1989, 06,   32674, 1989.4548,   355.64,   353.26,     355.21,   352.87,     355.64,   353.26
1989, 07,   32704, 1989.5370,   354.07,   353.49,     353.50,   352.96,     354.07,   353.49
1989, 08,   32735, 1989.6219,   351.16,   352.87,     351.30,   353.05,     351.16,   352.87
1989, 09,   32766, 1989.7068,   349.35,   352.77,     349.71,   353.14,     349.35,   352.77
1989, 10,   32796, 1989.7890,   349.50,   352.83,     349.93,   353.25,     349.50,   352.83
1989, 11,   32827, 1989.8740,   351.17,   353.13,     351.42,   353.36,     351.17,   353.13
1989, 12,   32857, 1989.9562,   352.19,   352.92,     352.77,   353.49,     352.19,   352.92
1990, 01,   32888, 1990.0411,   353.71,   353.62,     353.73,   353.62,     353.71,   353.62
1990, 02,   32919, 1990.1260,   355.14,   354.42,     354.50,   353.76,     355.14,   354.42
1990, 03,   32947, 1990.2027,   355.67,   354.15,     355.41,   353.88,     355.67,   354.15
1990, 04,   32978, 1990.2877,   356.72,   354.00,     356.75,   354.01,     356.72,   354.00
1990, 05,   33008, 1990.3699,   357.60,   354.35,     357.38,   354.13,     357.60,   354.35
1990, 06,   33039, 1990.4548,   356.59,   354.21,     356.61,   354.26,     356.59,   354.21
1990, 07,   33069, 1990.5370,   355.28,   354.70,     354.92,   354.37,     355.28,   354.70
1990, 08,   33100, 1990.6219,   352.59,   354.30,     352.74,   354.50,     352.59,   354.30
1990, 09,   33131, 1990.7068,   351.10,   354.52,     351.18,   354.62,     351.10,   354.52
1990, 10,   33161, 1990.7890,   351.17,   354.51,     351.42,   354.75,     351.17,   354.51
1990, 11,   33192, 1990.8740,   352.80,   354.78,     352.93,   354.88,     352.80,   354.78
1990, 12,   33222, 1990.9562,   354.67,   355.41,     354.29,   355.00,     354.67,   355.41
1991, 01,   33253, 1991.0411,   354.61,   354.52,     355.24,   355.13,     354.61,   354.52
1991, 02,   33284, 1991.1260,   356.03,   355.30,     355.99,   355.25,     356.03,   355.30
1991, 03,   33312, 1991.2027,   357.40,   355.88,     356.89,   355.35,     357.40,   355.88
1991, 04,   33343, 1991.2877,   358.43,   355.70,     358.20,   355.45,     358.43,   355.70
1991, 05,   33373, 1991.3699,   359.14,   355.89,     358.79,   355.54,     359.14,   355.89
1991, 06,   33404, 1991.4548,   358.29,   355.90,     357.97,   355.61,     358.29,   355.90
1991, 07,   33434, 1991.5370,   355.54,   354.96,     356.22,   355.67,     355.54,   354.96
1991, 08,   33465, 1991.6219,   354.13,   355.85,     353.98,   355.74,     354.13,   355.85
1991, 09,   33496, 1991.7068,   351.97,   355.41,     352.35,   355.80,     351.97,   355.41
1991, 10,   33526, 1991.7890,   352.19,   355.54,     352.53,   355.87,     352.19,   355.54
1991, 11,   33557, 1991.8740,   353.87,   355.84,     353.99,   355.94,     353.87,   355.84
1991, 12,   33587, 1991.9562,   355.23,   355.96,     355.30,   356.02,     355.23,   355.96
1992, 01,   33618, 1992.0410,   356.43,   356.33,     356.21,   356.10,     356.43,   356.33
1992, 02,   33649, 1992.1257,   356.83,   356.10,     356.91,   356.17,     356.83,   356.10
1992, 03,   33678, 1992.2049,   357.92,   356.37,     357.81,   356.24,     357.92,   356.37
1992, 04,   33709, 1992.2896,   359.16,   356.40,     359.08,   356.30,     359.16,   356.40
1992, 05,   33739, 1992.3716,   359.63,   356.37,     359.61,   356.35,     359.63,   356.37
1992, 06,   33770, 1992.4563,   359.46,   357.10,     358.74,   356.40,     359.46,   357.10
1992, 07,   33800, 1992.5383,   356.46,   355.91,     356.95,   356.44,     356.46,   355.91
1992, 08,   33831, 1992.6230,   354.71,   356.46,     354.68,   356.47,     354.71,   356.46
1992, 09,   33862, 1992.7077,   353.51,   356.96,     353.03,   356.50,     353.51,   356.96
1992, 10,   33892, 1992.7896,   353.08,   356.44,     353.19,   356.53,     353.08,   356.44
1992, 11,   33923, 1992.8743,   354.68,   356.65,     354.61,   356.56,     354.68,   356.65
1992, 12,   33953, 1992.9563,   355.79,   356.53,     355.88,   356.59,     355.79,   356.53
1993, 01,   33984, 1993.0411,   356.77,   356.67,     356.75,   356.64,     356.77,   356.67
1993, 02,   34015, 1993.1260,   357.01,   356.28,     357.43,   356.69,     357.01,   356.28
1993, 03,   34043, 1993.2027,   358.41,   356.88,     358.29,   356.74,     358.41,   356.88
1993, 04,   34074, 1993.2877,   359.15,   356.41,     359.58,   356.82,     359.15,   356.41
1993, 05,   34104, 1993.3699,   360.62,   357.34,     360.17,   356.90,     360.62,   357.34
1993, 06,   34135, 1993.4548,   359.67,   357.27,     359.36,   356.99,     359.67,   357.27
1993, 07,   34165, 1993.5370,   357.42,   356.84,     357.63,   357.08,     357.42,   356.84
1993, 08,   34196, 1993.6219,   355.69,   357.42,     355.42,   357.19,     355.69,   357.42
1993, 09,   34227, 1993.7068,   353.43,   356.89,     353.83,   357.30,     353.43,   356.89
1993, 10,   34257, 1993.7890,   353.81,   357.18,     354.07,   357.43,     353.81,   357.18
1993, 11,   34288, 1993.8740,   355.52,   357.51,     355.60,   357.57,     355.52,   357.51
1993, 12,   34318, 1993.9562,   356.86,   357.60,     356.98,   357.70,     356.86,   357.60
1994, 01,   34349, 1994.0411,   358.49,   358.39,     357.96,   357.85,     358.49,   358.39
1994, 02,   34380, 1994.1260,   359.09,   358.35,     358.75,   358.00,     359.09,   358.35
1994, 03,   34408, 1994.2027,   359.59,   358.06,     359.68,   358.13,     359.59,   358.06
1994, 04,   34439, 1994.2877,   361.20,   358.45,     361.05,   358.28,     361.20,   358.45
1994, 05,   34469, 1994.3699,   361.64,   358.36,     361.70,   358.42,     361.64,   358.36
1994, 06,   34500, 1994.4548,   361.05,   358.64,     360.95,   358.56,     361.05,   358.64
1994, 07,   34530, 1994.5370,   358.93,   358.34,     359.27,   358.71,     358.93,   358.34
1994, 08,   34561, 1994.6219,   357.20,   358.94,     357.11,   358.88,     357.20,   358.94
1994, 09,   34592, 1994.7068,   355.07,   358.54,     355.58,   359.06,     355.07,   358.54
1994, 10,   34622, 1994.7890,   355.74,   359.12,     355.87,   359.24,     355.74,   359.12
1994, 11,   34653, 1994.8740,   357.29,   359.29,     357.46,   359.43,     357.29,   359.29
1994, 12,   34683, 1994.9562,   359.53,   360.27,     358.90,   359.62,     359.53,   360.27
1995, 01,   34714, 1995.0411,   360.09,   359.99,     359.93,   359.82,     360.09,   359.99
1995, 02,   34745, 1995.1260,   360.75,   360.01,     360.76,   360.01,     360.75,   360.01
1995, 03,   34773, 1995.2027,   361.93,   360.39,     361.73,   360.17,     361.93,   360.39
1995, 04,   34804, 1995.2877,   363.07,   360.31,     363.13,   360.35,     363.07,   360.31
1995, 05,   34834, 1995.3699,   363.60,   360.31,     363.81,   360.52,     363.60,   360.31
1995, 06,   34865, 1995.4548,   363.53,   361.12,     363.07,   360.68,     363.53,   361.12
1995, 07,   34895, 1995.5370,   361.69,   361.11,     361.39,   360.84,     361.69,   361.11
1995, 08,   34926, 1995.6219,   358.53,   360.27,     359.22,   361.00,     358.53,   360.27
1995, 09,   34957, 1995.7068,   358.01,   361.49,     357.66,   361.15,     358.01,   361.49
1995, 10,   34987, 1995.7890,   357.55,   360.94,     357.93,   361.31,     357.55,   360.94
1995, 11,   35018, 1995.8740,   359.35,   361.36,     359.49,   361.47,     359.35,   361.36
1995, 12,   35048, 1995.9562,   360.55,   361.29,     360.90,   361.63,     360.55,   361.29
1996, 01,   35079, 1996.0410,   362.15,   362.05,     361.90,   361.79,     362.15,   362.05
1996, 02,   35110, 1996.1257,   362.88,   362.14,     362.69,   361.94,     362.88,   362.14
1996, 03,   35139, 1996.2049,   363.90,   362.32,     363.67,   362.08,     363.90,   362.32
1996, 04,   35170, 1996.2896,   364.63,   361.84,     365.03,   362.22,     364.63,   361.84
1996, 05,   35200, 1996.3716,   365.23,   361.93,     365.65,   362.35,     365.23,   361.93
1996, 06,   35231, 1996.4563,   365.30,   362.91,     364.84,   362.47,     365.30,   362.91
1996, 07,   35261, 1996.5383,   363.82,   363.26,     363.10,   362.58,     363.82,   363.26
1996, 08,   35292, 1996.6230,   361.24,   363.01,     360.86,   362.67,     361.24,   363.01
1996, 09,   35323, 1996.7077,   358.86,   362.35,     359.25,   362.75,     358.86,   362.35
1996, 10,   35353, 1996.7896,   359.39,   362.78,     359.45,   362.82,     359.39,   362.78
1996, 11,   35384, 1996.8743,   360.89,   362.89,     360.92,   362.89,     360.89,   362.89
1996, 12,   35414, 1996.9563,   362.09,   362.84,     362.23,   362.96,     362.09,   362.84
1997, 01,   35445, 1997.0411,   363.01,   362.92,     363.14,   363.03,     363.01,   362.92
1997, 02,   35476, 1997.1260,   364.21,   363.47,     363.86,   363.10,     364.21,   363.47
1997, 03,   35504, 1997.2027,   364.74,   363.19,     364.75,   363.18,     364.74,   363.19
1997, 04,   35535, 1997.2877,   366.18,   363.41,     366.07,   363.28,     366.18,   363.41
1997, 05,   35565, 1997.3699,   366.65,   363.34,     366.69,   363.38,     366.65,   363.34
1997, 06,   35596, 1997.4548,   365.56,   363.13,     365.91,   363.51,     365.56,   363.13
1997, 07,   35626, 1997.5370,   364.02,   363.43,     364.21,   363.65,     364.02,   363.43
1997, 08,   35657, 1997.6219,   362.32,   364.07,     362.03,   363.82,     362.32,   364.07
1997, 09,   35688, 1997.7068,   360.11,   363.60,     360.50,   364.01,     360.11,   363.60
1997, 10,   35718, 1997.7890,   360.50,   363.91,     360.82,   364.21,     360.50,   363.91
1997, 11,   35749, 1997.8740,   362.46,   364.48,     362.45,   364.44,     362.46,   364.48
1997, 12,   35779, 1997.9562,   363.95,   364.69,     363.95,   364.68,     363.95,   364.69
1998, 01,   35810, 1998.0411,   365.00,   364.89,     365.06,   364.95,     365.00,   364.89
1998, 02,   35841, 1998.1260,   365.72,   364.97,     365.99,   365.23,     365.72,   364.97
1998, 03,   35869, 1998.2027,   367.03,   365.48,     367.07,   365.50,     367.03,   365.48
1998, 04,   35900, 1998.2877,   368.38,   365.59,     368.60,   365.79,     368.38,   365.59
1998, 05,   35930, 1998.3699,   369.20,   365.88,     369.41,   366.09,     369.20,   365.88
1998, 06,   35961, 1998.4548,   368.81,   366.38,     368.79,   366.38,     368.81,   366.38
1998, 07,   35991, 1998.5370,   367.61,   367.01,     367.21,   366.65,     367.61,   367.01
1998, 08,   36022, 1998.6219,   365.31,   367.06,     365.12,   366.91,     365.31,   367.06
1998, 09,   36053, 1998.7068,   364.16,   367.67,     363.63,   367.15,     364.16,   367.67
1998, 10,   36083, 1998.7890,   364.03,   367.45,     363.94,   367.34,     364.03,   367.45
1998, 11,   36114, 1998.8740,   365.60,   367.62,     365.53,   367.52,     365.60,   367.62
1998, 12,   36144, 1998.9562,   367.47,   368.22,     366.93,   367.66,     367.47,   368.22
1999, 01,   36175, 1999.0411,   367.91,   367.81,     367.90,   367.78,     367.91,   367.81
1999, 02,   36206, 1999.1260,   368.36,   367.61,     368.65,   367.89,     368.36,   367.61
1999, 03,   36234, 1999.2027,   369.27,   367.72,     369.54,   367.97,     369.27,   367.72
1999, 04,   36265, 1999.2877,   371.01,   368.22,     370.87,   368.06,     371.01,   368.22
1999, 05,   36295, 1999.3699,   370.82,   367.49,     371.47,   368.14,     370.82,   367.49
1999, 06,   36326, 1999.4548,   370.49,   368.05,     370.64,   368.23,     370.49,   368.05
1999, 07,   36356, 1999.5370,   369.32,   368.73,     368.87,   368.31,     369.32,   368.73
1999, 08,   36387, 1999.6219,   366.72,   368.48,     366.61,   368.41,     366.72,   368.48
1999, 09,   36418, 1999.7068,   364.64,   368.16,     364.98,   368.51,     364.64,   368.16
1999, 10,   36448, 1999.7890,   365.06,   368.49,     365.19,   368.61,     365.06,   368.49
1999, 11,   36479, 1999.8740,   366.64,   368.67,     366.71,   368.71,     366.64,   368.67
1999, 12,   36509, 1999.9562,   368.32,   369.07,     368.08,   368.81,     368.32,   369.07
2000, 01,   36540, 2000.0410,   369.61,   369.51,     369.03,   368.92,     369.61,   369.51
2000, 02,   36571, 2000.1257,   369.97,   369.23,     369.78,   369.03,     369.97,   369.23
2000, 03,   36600, 2000.2049,   370.63,   369.04,     370.74,   369.13,     370.63,   369.04
2000, 04,   36631, 2000.2896,   372.03,   369.20,     372.09,   369.25,     372.03,   369.20
2000, 05,   36661, 2000.3716,   371.58,   368.24,     372.71,   369.37,     371.58,   368.24
2000, 06,   36692, 2000.4563,   371.56,   369.14,     371.92,   369.52,     371.56,   369.14
2000, 07,   36722, 2000.5383,   370.05,   369.49,     370.21,   369.68,     370.05,   369.49
2000, 08,   36753, 2000.6230,   368.13,   369.92,     368.03,   369.86,     368.13,   369.92
2000, 09,   36784, 2000.7077,   366.94,   370.48,     366.48,   370.03,     366.94,   370.48
2000, 10,   36814, 2000.7896,   367.14,   370.57,     366.78,   370.19,     367.14,   370.57
2000, 11,   36845, 2000.8743,   368.46,   370.49,     368.35,   370.35,     368.46,   370.49
2000, 12,   36875, 2000.9563,   369.85,   370.61,     369.75,   370.48,     369.85,   370.61
2001, 01,   36906, 2001.0411,   370.94,   370.83,     370.73,   370.62,     370.94,   370.83
2001, 02,   36937, 2001.1260,   371.49,   370.74,     371.50,   370.74,     371.49,   370.74
2001, 03,   36965, 2001.2027,   372.56,   371.00,     372.42,   370.84,     372.56,   371.00
2001, 04,   36996, 2001.2877,   373.35,   370.55,     373.77,   370.94,     373.35,   370.55
2001, 05,   37026, 2001.3699,   374.34,   370.99,     374.40,   371.05,     374.34,   370.99
2001, 06,   37057, 2001.4548,   373.67,   371.21,     373.58,   371.15,     373.67,   371.21
2001, 07,   37087, 2001.5370,   371.49,   370.89,     371.82,   371.26,     371.49,   370.89
2001, 08,   37118, 2001.6219,   369.58,   371.35,     369.56,   371.37,     369.58,   371.35
2001, 09,   37149, 2001.7068,   368.04,   371.57,     367.93,   371.48,     368.04,   371.57
2001, 10,   37179, 2001.7890,   368.25,   371.70,     368.16,   371.59,     368.25,   371.70
2001, 11,   37210, 2001.8740,   369.90,   371.94,     369.70,   371.71,     369.90,   371.94
2001, 12,   37240, 2001.9562,   371.36,   372.11,     371.09,   371.83,     371.36,   372.11
2002, 01,   37271, 2002.0411,   372.01,   371.90,     372.08,   371.97,     372.01,   371.90
2002, 02,   37302, 2002.1260,   372.62,   371.86,     372.88,   372.11,     372.62,   371.86
2002, 03,   37330, 2002.2027,   373.88,   372.31,     373.84,   372.26,     373.88,   372.31
2002, 04,   37361, 2002.2877,   374.58,   371.77,     375.27,   372.44,     374.58,   371.77
2002, 05,   37391, 2002.3699,   375.46,   372.10,     375.99,   372.63,     375.46,   372.10
2002, 06,   37422, 2002.4548,   375.81,   373.35,     375.29,   372.86,     375.81,   373.35
2002, 07,   37452, 2002.5370,   373.90,   373.30,     373.65,   373.09,     373.90,   373.30
2002, 08,   37483, 2002.6219,   371.30,   373.08,     371.52,   373.33,     371.30,   373.08
2002, 09,   37514, 2002.7068,   369.70,   373.24,     370.03,   373.59,     369.70,   373.24
2002, 10,   37544, 2002.7890,   370.41,   373.87,     370.40,   373.85,     370.41,   373.87
2002, 11,   37575, 2002.8740,   372.33,   374.37,     372.09,   374.11,     372.33,   374.37
2002, 12,   37605, 2002.9562,   373.87,   374.63,     373.62,   374.36,     373.87,   374.63
2003, 01,   37636, 2003.0411,   374.67,   374.56,     374.73,   374.62,     374.67,   374.56
2003, 02,   37667, 2003.1260,   375.57,   374.81,     375.63,   374.86,     375.57,   374.81
2003, 03,   37695, 2003.2027,   376.81,   375.24,     376.67,   375.08,     376.81,   375.24
2003, 04,   37726, 2003.2877,   378.01,   375.19,     378.14,   375.30,     378.01,   375.19
2003, 05,   37756, 2003.3699,   378.82,   375.45,     378.88,   375.51,     378.82,   375.45
2003, 06,   37787, 2003.4548,   378.57,   376.11,     378.16,   375.72,     378.57,   376.11
2003, 07,   37817, 2003.5370,   376.08,   375.48,     376.47,   375.90,     376.08,   375.48
2003, 08,   37848, 2003.6219,   374.73,   376.51,     374.26,   376.08,     374.73,   376.51
2003, 09,   37879, 2003.7068,   372.60,   376.15,     372.67,   376.24,     372.60,   376.15
2003, 10,   37909, 2003.7890,   372.87,   376.33,     372.93,   376.38,     372.87,   376.33
2003, 11,   37940, 2003.8740,   375.02,   377.06,     374.50,   376.52,     375.02,   377.06
2003, 12,   37970, 2003.9562,   375.59,   376.35,     375.90,   376.64,     375.59,   376.35
2004, 01,   38001, 2004.0410,   376.41,   376.31,     376.88,   376.77,     376.41,   376.31
2004, 02,   38032, 2004.1257,   377.39,   376.63,     377.66,   376.89,     377.39,   376.63
2004, 03,   38061, 2004.2049,   379.04,   377.43,     378.63,   377.00,     379.04,   377.43
2004, 04,   38092, 2004.2896,   380.50,   377.64,     379.99,   377.12,     380.50,   377.64
2004, 05,   38122, 2004.3716,   380.43,   377.05,     380.60,   377.23,     380.43,   377.05
2004, 06,   38153, 2004.4563,   379.64,   377.19,     379.77,   377.34,     379.64,   377.19
2004, 07,   38183, 2004.5383,   377.50,   376.93,     378.00,   377.47,     377.50,   376.93
2004, 08,   38214, 2004.6230,   375.69,   377.50,     375.76,   377.61,     375.69,   377.50
2004, 09,   38245, 2004.7077,   374.02,   377.59,     374.18,   377.76,     374.02,   377.59
2004, 10,   38275, 2004.7896,   374.32,   377.80,     374.47,   377.93,     374.32,   377.80
2004, 11,   38306, 2004.8743,   376.09,   378.13,     376.09,   378.11,     376.09,   378.13
2004, 12,   38336, 2004.9563,   377.44,   378.20,     377.56,   378.30,     377.44,   378.20
2005, 01,   38367, 2005.0411,   378.48,   378.38,     378.62,   378.51,     378.48,   378.38
2005, 02,   38398, 2005.1260,   379.95,   379.19,     379.49,   378.72,     379.95,   379.19
2005, 03,   38426, 2005.2027,   380.61,   379.03,     380.52,   378.92,     380.61,   379.03
2005, 04,   38457, 2005.2877,   382.00,   379.16,     381.99,   379.13,     382.00,   379.16
2005, 05,   38487, 2005.3699,   382.27,   378.88,     382.73,   379.34,     382.27,   378.88
2005, 06,   38518, 2005.4548,   381.96,   379.47,     382.02,   379.56,     381.96,   379.47
2005, 07,   38548, 2005.5370,   380.98,   380.38,     380.33,   379.76,     380.98,   380.38
2005, 08,   38579, 2005.6219,   378.43,   380.21,     378.14,   379.97,     378.43,   380.21
2005, 09,   38610, 2005.7068,   376.33,   379.91,     376.57,   380.16,     376.33,   379.91
2005, 10,   38640, 2005.7890,   377.00,   380.49,     376.87,   380.34,     377.00,   380.49
2005, 11,   38671, 2005.8740,   378.18,   380.24,     378.49,   380.53,     378.18,   380.24
2005, 12,   38701, 2005.9562,   379.92,   380.68,     379.96,   380.70,     379.92,   380.68
2006, 01,   38732, 2006.0411,   380.96,   380.86,     381.00,   380.88,     380.96,   380.86
2006, 02,   38763, 2006.1260,   381.99,   381.22,     381.83,   381.06,     381.99,   381.22
2006, 03,   38791, 2006.2027,   382.36,   380.78,     382.82,   381.21,     382.36,   380.78
2006, 04,   38822, 2006.2877,   384.76,   381.91,     384.24,   381.38,     384.76,   381.91
2006, 05,   38852, 2006.3699,   385.36,   381.96,     384.93,   381.53,     385.36,   381.96
2006, 06,   38883, 2006.4548,   383.91,   381.43,     384.15,   381.69,     383.91,   381.43
2006, 07,   38913, 2006.5370,   382.35,   381.75,     382.40,   381.83,     382.35,   381.75
2006, 08,   38944, 2006.6219,   380.03,   381.82,     380.15,   381.98,     380.03,   381.82
2006, 09,   38975, 2006.7068,   378.44,   382.03,     378.53,   382.13,     378.44,   382.03
2006, 10,   39005, 2006.7890,   379.05,   382.55,     378.79,   382.27,     379.05,   382.55
2006, 11,   39036, 2006.8740,   380.09,   382.16,     380.39,   382.43,     380.09,   382.16
2006, 12,   39066, 2006.9562,   381.38,   382.15,     381.83,   382.58,     381.38,   382.15
2007, 01,   39097, 2007.0411,   382.95,   382.85,     382.85,   382.73,     382.95,   382.85
2007, 02,   39128, 2007.1260,   384.19,   383.43,     383.67,   382.89,     384.19,   383.43
2007, 03,   39156, 2007.2027,   384.36,   382.77,     384.65,   383.04,     384.36,   382.77
2007, 04,   39187, 2007.2877,   386.47,   383.62,     386.07,   383.20,     386.47,   383.62
2007, 05,   39217, 2007.3699,   386.48,   383.07,     386.75,   383.35,     386.48,   383.07
2007, 06,   39248, 2007.4548,   385.97,   383.47,     385.98,   383.51,     385.97,   383.47
2007, 07,   39278, 2007.5370,   384.62,   384.01,     384.23,   383.66,     384.62,   384.01
2007, 08,   39309, 2007.6219,   381.66,   383.46,     381.98,   383.82,     381.66,   383.46
2007, 09,   39340, 2007.7068,   380.24,   383.83,     380.37,   383.98,     380.24,   383.83
2007, 10,   39370, 2007.7890,   380.79,   384.30,     380.65,   384.14,     380.79,   384.30
2007, 11,   39401, 2007.8740,   382.36,   384.43,     382.27,   384.31,     382.36,   384.43
2007, 12,   39431, 2007.9562,   383.81,   384.58,     383.72,   384.47,     383.81,   384.58
2008, 01,   39462, 2008.0410,   385.46,   385.36,     384.74,   384.62,     385.46,   385.36
2008, 02,   39493, 2008.1257,   385.24,   384.48,     385.55,   384.78,     385.24,   384.48
2008, 03,   39522, 2008.2049,   385.84,   384.22,     386.57,   384.92,     385.84,   384.22
2008, 04,   39553, 2008.2896,   387.35,   384.46,     387.99,   385.08,     387.35,   384.46
2008, 05,   39583, 2008.3716,   388.63,   385.22,     388.65,   385.24,     388.63,   385.22
2008, 06,   39614, 2008.4563,   388.12,   385.65,     387.86,   385.41,     388.12,   385.65
2008, 07,   39644, 2008.5383,   386.53,   385.95,     386.10,   385.56,     386.53,   385.95
2008, 08,   39675, 2008.6230,   383.77,   385.61,     383.85,   385.72,     383.77,   385.61
2008, 09,   39706, 2008.7077,   382.78,   386.39,     382.24,   385.87,     382.78,   386.39
2008, 10,   39736, 2008.7896,   382.50,   385.89,     382.63,   386.03,     382.50,   385.89
2008, 11,   39767, 2008.8743,   383.98,   385.97,     384.16,   386.15,     383.98,   385.97
2008, 12,   39797, 2008.9563,   385.35,   386.11,     385.49,   386.26,     385.35,   386.11
2009, 01,   39828, 2009.0411,   386.83,   386.62,     386.60,   386.38,     386.83,   386.62
2009, 02,   39859, 2009.1260,   387.20,   386.41,     387.29,   386.50,     387.20,   386.41
2009, 03,   39887, 2009.2027,   388.24,   386.74,     388.11,   386.61,     388.24,   386.74
2009, 04,   39918, 2009.2877,   389.39,   386.45,     389.68,   386.75,     389.39,   386.45
2009, 05,   39948, 2009.3699,   390.11,   386.59,     390.41,   386.89,     390.11,   386.59
2009, 06,   39979, 2009.4548,   389.53,   387.10,     389.49,   387.06,     389.53,   387.10
2009, 07,   40009, 2009.5370,   387.64,   387.14,     387.74,   387.23,     387.64,   387.14
2009, 08,   40040, 2009.6219,   385.67,   387.60,     385.49,   387.43,     385.67,   387.60
2009, 09,   40071, 2009.7068,   384.25,   387.94,     383.94,   387.62,     384.25,   387.94
2009, 10,   40101, 2009.7890,   384.29,   387.71,     384.41,   387.82,     384.29,   387.71
2009, 11,   40132, 2009.8740,   385.85,   387.85,     386.04,   388.04,     385.85,   387.85
2009, 12,   40162, 2009.9562,   387.27,   388.04,     387.48,   388.25,     387.27,   388.04
2010, 01,   40193, 2010.0411,   387.98,   387.76,     388.71,   388.49,     387.98,   387.76
2010, 02,   40224, 2010.1260,   389.88,   389.09,     389.52,   388.73,     389.88,   389.09
2010, 03,   40252, 2010.2027,   390.55,   389.05,     390.45,   388.94,     390.55,   389.05
2010, 04,   40283, 2010.2877,   392.58,   389.64,     392.11,   389.17,     392.58,   389.64
2010, 05,   40313, 2010.3699,   392.98,   389.45,     392.91,   389.38,     392.98,   389.45
2010, 06,   40344, 2010.4548,   392.28,   389.84,     392.01,   389.57,     392.28,   389.84
2010, 07,   40374, 2010.5370,   390.08,   389.58,     390.25,   389.75,     390.08,   389.58
2010, 08,   40405, 2010.6219,   387.79,   389.73,     387.98,   389.92,     387.79,   389.73
2010, 09,   40436, 2010.7068,   386.21,   389.91,     386.38,   390.08,     386.21,   389.91
2010, 10,   40466, 2010.7890,   387.03,   390.46,     386.81,   390.23,     387.03,   390.46
2010, 11,   40497, 2010.8740,   388.51,   390.51,     388.38,   390.38,     388.51,   390.51
2010, 12,   40527, 2010.9562,   389.60,   390.38,     389.75,   390.52,     389.60,   390.38
2011, 01,   40558, 2011.0411,   391.55,   391.33,     390.87,   390.65,     391.55,   391.33
2011, 02,   40589, 2011.1260,   391.52,   390.73,     391.57,   390.78,     391.52,   390.73
2011, 03,   40617, 2011.2027,   392.02,   390.52,     392.41,   390.91,     392.02,   390.52
2011, 04,   40648, 2011.2877,   393.54,   390.59,     394.01,   391.06,     393.54,   390.59
2011, 05,   40678, 2011.3699,   394.57,   391.03,     394.76,   391.22,     394.57,   391.03
2011, 06,   40709, 2011.4548,   393.39,   390.95,     393.85,   391.41,     393.39,   390.95
2011, 07,   40739, 2011.5370,   392.45,   391.94,     392.10,   391.59,     392.45,   391.94
2011, 08,   40770, 2011.6219,   390.07,   392.01,     389.85,   391.79,     390.07,   392.01
2011, 09,   40801, 2011.7068,   388.43,   392.14,     388.27,   391.98,     388.43,   392.14
2011, 10,   40831, 2011.7890,   389.06,   392.50,     388.71,   392.15,     389.06,   392.50
2011, 11,   40862, 2011.8740,   390.31,   392.32,     390.30,   392.32,     390.31,   392.32
2011, 12,   40892, 2011.9562,   391.77,   392.54,     391.70,   392.47,     391.77,   392.54
2012, 01,   40923, 2012.0410,   392.97,   392.75,     392.85,   392.64,     392.97,   392.75
2012, 02,   40954, 2012.1257,   393.24,   392.45,     393.60,   392.80,     393.24,   392.45
2012, 03,   40983, 2012.2049,   394.20,   392.65,     394.52,   392.97,     394.20,   392.65
2012, 04,   41014, 2012.2896,   396.24,   393.25,     396.16,   393.17,     396.24,   393.25
2012, 05,   41044, 2012.3716,   396.95,   393.40,     396.92,   393.38,     396.95,   393.40
2012, 06,   41075, 2012.4563,   395.93,   393.51,     396.02,   393.61,     395.93,   393.51
2012, 07,   41105, 2012.5383,   394.21,   393.74,     394.31,   393.84,     394.21,   393.74
2012, 08,   41136, 2012.6230,   391.86,   393.83,     392.12,   394.10,     391.86,   393.83
2012, 09,   41167, 2012.7077,   390.98,   394.70,     390.64,   394.36,     390.98,   394.70
2012, 10,   41197, 2012.7896,   390.88,   394.32,     391.19,   394.63,     390.88,   394.32
2012, 11,   41228, 2012.8743,   393.16,   395.17,     392.89,   394.90,     393.16,   395.17
2012, 12,   41258, 2012.9563,   394.46,   395.24,     394.39,   395.16,     394.46,   395.24
2013, 01,   41289, 2013.0411,   395.60,   395.39,     395.65,   395.43,     395.60,   395.39
2013, 02,   41320, 2013.1260,   396.72,   395.92,     396.48,   395.68,     396.72,   395.92
2013, 03,   41348, 2013.2027,   397.86,   396.34,     397.42,   395.90,     397.86,   396.34
2013, 04,   41379, 2013.2877,   398.60,   395.64,     399.10,   396.13,     398.60,   395.64
2013, 05,   41409, 2013.3699,   400.11,   396.54,     399.91,   396.35,     400.11,   396.54
2013, 06,   41440, 2013.4548,   398.73,   396.27,     399.03,   396.58,     398.73,   396.27
2013, 07,   41470, 2013.5370,   397.61,   397.10,     397.30,   396.79,     397.61,   397.10
2013, 08,   41501, 2013.6219,   394.81,   396.76,     395.05,   397.01,     394.81,   396.76
2013, 09,   41532, 2013.7068,   393.50,   397.23,     393.49,   397.22,     393.50,   397.23
2013, 10,   41562, 2013.7890,   394.01,   397.46,     393.96,   397.41,     394.01,   397.46
2013, 11,   41593, 2013.8740,   395.63,   397.65,     395.58,   397.61,     395.63,   397.65
2013, 12,   41623, 2013.9562,   397.24,   398.02,     397.01,   397.79,     397.24,   398.02
2014, 01,   41654, 2014.0411,   398.00,   397.78,     398.20,   397.98,     398.00,   397.78
2014, 02,   41685, 2014.1260,   398.20,   397.40,     398.96,   398.16,     398.20,   397.40
2014, 03,   41713, 2014.2027,   400.10,   398.58,     399.84,   398.32,     400.10,   398.58
2014, 04,   41744, 2014.2877,   401.79,   398.81,     401.47,   398.49,     401.79,   398.81
2014, 05,   41774, 2014.3699,   402.46,   398.89,     402.22,   398.65,     402.46,   398.89
2014, 06,   41805, 2014.4548,   401.74,   399.27,     401.26,   398.79,     401.74,   399.27
2014, 07,   41835, 2014.5370,   399.07,   398.56,     399.44,   398.93,     399.07,   398.56
2014, 08,   41866, 2014.6219,   396.77,   398.73,     397.10,   399.06,     396.77,   398.73
2014, 09,   41897, 2014.7068,   395.49,   399.23,     395.47,   399.21,     395.49,   399.23
2014, 10,   41927, 2014.7890,   395.59,   399.06,     395.89,   399.36,     395.59,   399.06
2014, 11,   41958, 2014.8740,   397.42,   399.45,     397.49,   399.52,     397.42,   399.45
2014, 12,   41988, 2014.9562,   399.35,   400.13,     398.89,   399.67,     399.35,   400.13
2015, 01,   42019, 2015.0411,   400.14,   399.92,     400.06,   399.84,     400.14,   399.92
2015, 02,   42050, 2015.1260,   400.61,   399.81,     400.80,   400.00,     400.61,   399.81
2015, 03,   42078, 2015.2027,   401.50,   399.98,     401.68,   400.16,     401.50,   399.98
2015, 04,   42109, 2015.2877,   403.83,   400.84,     403.32,   400.34,     403.83,   400.84
2015, 05,   42139, 2015.3699,   404.12,   400.53,     404.10,   400.52,     404.12,   400.53
2015, 06,   42170, 2015.4548,   403.04,   400.57,     403.19,   400.72,     403.04,   400.57
2015, 07,   42200, 2015.5370,   401.29,   400.78,     401.45,   400.94,     401.29,   400.78
2015, 08,   42231, 2015.6219,   398.77,   400.74,     399.22,   401.19,     398.77,   400.74
2015, 09,   42262, 2015.7068,   397.62,   401.37,     397.71,   401.46,     397.62,   401.37
2015, 10,   42292, 2015.7890,   398.43,   401.90,     398.26,   401.73,     398.43,   401.90
2015, 11,   42323, 2015.8740,   400.03,   402.07,     400.00,   402.03,     400.03,   402.07
2015, 12,   42353, 2015.9562,   401.55,   402.33,     401.54,   402.32,     401.55,   402.33
2016, 01,   42384, 2016.0410,   402.67,   402.45,     402.85,   402.63,     402.67,   402.45
2016, 02,   42415, 2016.1257,   404.02,   403.22,     403.72,   402.92,     404.02,   403.22
2016, 03,   42444, 2016.2049,   404.67,   403.11,     404.75,   403.19,     404.67,   403.11
2016, 04,   42475, 2016.2896,   407.12,   404.10,     406.48,   403.45,     407.12,   404.10
2016, 05,   42505, 2016.3716,   407.93,   404.34,     407.28,   403.70,     407.93,   404.34
2016, 06,   42536, 2016.4563,   406.14,   403.70,     406.38,   403.93,     406.14,   403.70
2016, 07,   42566, 2016.5383,   404.51,   404.04,     404.63,   404.15,     404.51,   404.04
2016, 08,   42597, 2016.6230,   402.12,   404.12,     402.37,   404.37,     402.12,   404.12
2016, 09,   42628, 2016.7077,   400.29,   404.05,     400.83,   404.60,     400.29,   404.05
2016, 10,   42658, 2016.7896,   401.57,   405.05,     401.35,   404.83,     401.57,   405.05
2016, 11,   42689, 2016.8743,   403.24,   405.28,     403.03,   405.06,     403.24,   405.28
2016, 12,   42719, 2016.9563,   404.41,   405.20,     404.51,   405.29,     404.41,   405.20
2017, 01,   42750, 2017.0411,   405.85,   405.63,     405.74,   405.52,     405.85,   405.63
2017, 02,   42781, 2017.1260,   406.59,   405.78,     406.55,   405.75,     406.59,   405.78
2017, 03,   42809, 2017.2027,   407.11,   405.58,     407.48,   405.95,     407.11,   405.58
2017, 04,   42840, 2017.2877,   409.51,   406.51,     409.16,   406.16,     409.51,   406.51
2017, 05,   42870, 2017.3699,   410.05,   406.45,     409.95,   406.35,     410.05,   406.45
2017, 06,   42901, 2017.4548,   409.26,   406.78,     409.02,   406.54,     409.26,   406.78
2017, 07,   42931, 2017.5370,   406.92,   406.41,     407.21,   406.70,     406.92,   406.41
2017, 08,   42962, 2017.6219,   405.11,   407.09,     404.88,   406.86,     405.11,   407.09
2017, 09,   42993, 2017.7068,   403.12,   406.90,     403.23,   407.00,     403.12,   406.90
2017, 10,   43023, 2017.7890,   403.74,   407.23,     403.64,   407.13,     403.74,   407.23
2017, 11,   43054, 2017.8740,   405.21,   407.25,     405.22,   407.27,     405.21,   407.25
2017, 12,   43084, 2017.9562,   406.58,   407.37,     406.61,   407.39,     406.58,   407.37
2018, 01,   43115, 2018.0411,   407.97,   407.75,     407.75,   407.53,     407.97,   407.75
2018, 02,   43146, 2018.1260,   408.58,   407.77,     408.48,   407.67,     408.58,   407.77
2018, 03,   43174, 2018.2027,   409.34,   407.81,     409.34,   407.81,     409.34,   407.81
2018, 04,   43205, 2018.2877,   410.43,   407.42,     410.98,   407.97,     410.43,   407.42
2018, 05,   43235, 2018.3699,   411.66,   408.04,     411.77,   408.16,     411.66,   408.04
2018, 06,   43266, 2018.4548,   410.26,   407.77,     410.86,   408.37,     410.26,   407.77
2018, 07,   43296, 2018.5370,   408.90,   408.38,     409.11,   408.60,     408.90,   408.38
2018, 08,   43327, 2018.6219,   407.18,   409.16,     406.86,   408.85,     407.18,   409.16
2018, 09,   43358, 2018.7068,   405.51,   409.29,     405.32,   409.10,     405.51,   409.29
2018, 10,   43388, 2018.7890,   405.91,   409.41,     405.84,   409.35,     405.91,   409.41
2018, 11,   43419, 2018.8740,   -99.99,   -99.99,     407.55,   409.60,     407.55,   409.60
2018, 12,   43449, 2018.9562,   -99.99,   -99.99,     409.06,   409.85,     409.06,   409.85
